GeoType,GeoName,State,TotalPop,happening,happeningOppose,human,humanOppose,consensus,consensusOppose,affectweather,affectweatherOppose,worried,worriedOppose,harmplants,harmplantsOppose,futuregen,futuregenOppose,devharm,devharmOppose,harmUS,harmUSOppose,personal,personalOppose,timing,timingOppose,fundrenewables,fundrenewablesOppose,regulate,regulateOppose,CO2limits,CO2limitsOppose,reducetax,reducetaxOppose,supportRPS,supportRPSOppose,rebates,rebatesOppose,drillANWR,drillANWROppose,drilloffshore,drilloffshoreOppose,teachGW,teachGWOppose,corporations,corporationsOppose,citizens,citizensOppose,congress,congressOppose,governor,governorOppose,localofficials,localofficialsOppose,prienv,prienvOppose,discuss,discussOppose,mediaweekly,mediaweeklyOppose
County,Accomack, Virginia,23850,67.876,11.996,53.535,32.902,43.552,27.659,59.406,5.476,57.993,41.761,69.566,17.253,68.073,17.049,59.724,22.959,56.343,28.288,40.65,44.304,49.97,50.03,84.019,12.932,76.003,20.696,67.509,31.104,67.592,28.82,61.382,35.82,80.317,16.758,35.639,61.426,51.514,45.654,78.915,20.657,66.359,12.708,63.16,12.936,61.869,15.726,55.934,14.696,56.345,14.415,67.938,28.702,30.095,69.762,18.198,80.824
County,Albemarle, Virginia,70026,76.879,10.278,61.424,28.086,58.55,25.604,69.165,5.06,65.447,34.398,75.848,15.038,75.1,14.367,65.346,22.475,60.175,28.99,42.49,47.649,53.844,46.156,88.198,9.489,80.453,16.888,75.152,23.762,71.671,24.368,68.565,29.58,85.235,12.528,31.291,67.673,41.962,56.679,82.773,16.966,73.856,10.548,69.772,10.443,67.824,14.437,61.47,13.089,58.77,12.931,72.06,25.157,38.301,61.632,25.298,73.519
County,Alleghany, Virginia,11720,60.905,18.953,47.719,37.77,38.354,35.13,53.273,7.202,50.197,49.579,64.073,24.541,62.867,23.959,53.005,31.745,49.433,37.311,33.712,53.456,42.512,57.487,82.386,14.737,73.32,23.513,60.554,38.005,61.954,34.399,56.99,40.411,78.78,18.361,42.643,54.653,58.347,39.136,72.587,26.919,61.418,15.43,57.67,16.04,53.218,21.787,48.793,19.363,50.201,18.18,63.738,32.999,28.283,71.597,19.018,80.128
County,Amelia, Virginia,8924,61.01,16.247,47.002,38.551,36.966,32.391,53.283,6.679,51.244,48.488,63.908,22.037,62.21,21.702,53.645,28.289,50.954,33.171,36.17,48.031,44.933,55.067,81.912,15.117,72.603,23.956,60.53,37.868,62.924,33.368,56.584,40.622,78.38,18.463,42.467,54.356,57.477,39.627,74.251,25.21,61.56,15.199,57.121,15.991,54.598,19.794,50.765,17.991,52.621,16.636,64.246,32.368,26.776,73.076,16.627,82.455
County,Amherst, Virginia,22495,64.266,15.916,48.933,36.018,40.348,31.641,54.388,6.502,52.871,46.894,66.001,21.631,65.094,20.856,55.552,28.347,52.028,33.674,36.446,49.55,45.537,54.463,82.979,14.117,73.961,22.862,62.828,35.778,63.142,33.059,58.554,38.728,78.966,18.173,39.301,57.771,54.73,42.65,75.129,24.439,62.788,14.516,59.268,15.013,55.954,19.121,51.16,17.527,52.705,16.676,65.273,31.452,29.551,70.337,18.099,81.047
County,Appomattox, Virginia,10849,61.647,17.372,47.918,36.637,40.381,31.909,53.743,6.726,51.218,48.522,65.068,22.533,63.598,22.874,54.705,29.414,51.515,34.601,35.659,50.591,44.674,55.326,82.421,14.371,72.964,23.887,61.852,37.094,61.679,35.038,57.083,40.055,77.963,19.119,38.978,57.53,56.245,40.966,73.731,25.955,62.505,14.791,59.196,15.417,54.484,20.861,50.691,18.276,51.548,17.351,64.248,32.588,30.085,69.788,18.707,80.673
County,Arlington, Virginia,169813,82.158,7.684,69.61,20.061,69.696,19.725,72.937,4.164,73.336,26.527,81.183,11.622,80.992,11.21,72.926,18.061,67.253,24.887,48.207,44.892,60.749,39.251,89.544,7.748,82.144,15.335,81.133,18.426,75.133,21.746,72.122,25.626,85.9,12.338,21.989,76.237,35.149,63.908,86.298,13.828,78.015,8.594,74.772,8.238,74.044,11.609,67.019,10.842,62.692,11.732,75.399,22.326,47.731,52.247,30.888,68.411
County,Augusta, Virginia,53700,59.153,20.787,47.127,37.247,37.901,37.087,52.453,7.74,48.674,51.097,62.859,26.685,62.196,26.002,52.156,33.546,47.793,39.701,32.179,55.878,41.242,58.757,80.73,16.707,71.716,25.504,58.542,40.254,58.518,37.847,55.209,42.439,77.745,19.702,43.21,54.082,57.396,40.625,70.802,28.762,60.693,16.506,56.946,17.343,52.428,23.82,48.636,20.908,48.901,19.88,62.35,34.641,28.069,71.865,19.234,79.987
County,Bath, Virginia,3453,59.872,20.089,46.674,38.845,37.111,36.497,52.488,7.508,48.842,50.921,63.284,25.69,61.921,25.192,52.055,33.077,48.589,38.624,32.984,54.721,41.256,58.744,82.089,14.936,72.415,24.33,58.861,39.685,61.023,35.404,55.834,41.564,78.393,18.643,44.408,52.772,59.777,37.628,71.483,28.014,60.45,15.994,56.916,16.583,51.841,22.825,47.437,20.122,49.287,18.619,63.019,33.821,27.762,72.087,19.361,79.818
County,Bedford, Virginia,55090,60.897,20.537,47.223,37.368,39.939,36.248,51.997,7.56,49.132,50.061,63.837,26.055,63.041,25.461,53.299,33.006,49.008,39.007,33.416,55.008,41.794,58.206,82.9,14.341,72.209,24.922,59.795,39.134,58.752,37.717,56.517,41.023,78.378,18.981,41.756,55.439,58.241,39.535,69.934,29.664,61.186,15.991,57.675,16.75,52.264,24.24,48.157,20.712,49.043,19.512,63.063,34.057,29.62,70.307,20.098,79.3
County,Bland, Virginia,5082,53.79,24.221,41.915,42.328,32.522,40.647,47.3,8.619,43.147,56.659,59.105,29.948,58.341,29.142,48.125,37.696,44.711,42.834,29.597,58.229,36.768,63.232,80.269,17.018,69.419,27.586,52.334,46.462,54.468,41.94,52.441,45.055,76.22,20.879,48.391,48.484,63.979,33.614,66.49,33.033,57.477,17.956,53.47,19.218,47.888,26.455,43.31,23.286,45.513,21.14,60.009,37.053,25.602,74.292,18.217,81.16
County,Botetourt, Virginia,24034,58.075,22.161,46.803,37.602,38.101,37.262,50.592,7.943,47.14,52.727,62.034,27.59,61.988,26.258,51.586,34.825,46.615,41.483,30.538,57.334,39.497,60.503,82.204,15.57,73.049,24.312,58.947,39.972,57.515,38.757,57.233,40.475,78.79,18.775,42.626,54.873,59.162,38.922,69.599,29.891,60.809,15.834,56.28,17.238,52.108,23.242,48.28,20.977,48.279,20.212,62.4,34.776,28.602,71.406,19.125,80.124
County,Brunswick, Virginia,11938,70.498,8.956,53.731,33.267,45.356,23.731,61.712,4.673,60.359,39.425,70.296,14.279,68.791,13.855,61.192,18.925,57.86,23.569,43.577,37.53,53.871,46.129,83.988,13.548,78.137,18.515,70.487,27.774,70.887,25.153,64.484,32.773,81.543,15.514,35.182,62.542,49.28,47.726,81.89,17.416,66.958,11.514,63.233,11.85,63.515,12.755,60.254,12.016,61.384,11.8,70.073,26.346,28.602,71.314,14.27,84.421
County,Buchanan, Virginia,17309,55.07,22.66,43.724,40.542,32.67,38.029,47.706,8.21,45.289,54.453,59.536,27.898,58.538,27.415,48.45,35.343,45.421,40.359,30.879,55.161,38.684,61.316,79.635,17.375,70.766,25.871,55.955,42.37,57.949,38.392,53.279,43.799,76.241,20.579,46.099,50.648,61.766,35.565,67.967,31.436,57.216,17.351,53.395,18.477,48.542,24.411,45.298,21.868,47.015,20.428,60.435,36.032,24.856,74.979,16.555,82.696
County,Buckingham, Virginia,12342,68.64,11.487,52.634,34.139,43.32,26.902,59.702,5.415,58.187,41.487,69.116,16.821,67.194,16.814,59.154,22.349,56.477,27.089,42.288,41.984,51.113,48.887,83.373,13.43,75.756,20.724,67.024,31.45,67.626,28.651,60.43,36.696,80.085,16.745,37.805,59.133,51.733,45.132,78.997,20.556,66.094,12.967,62.951,13.011,61.666,15.417,56.582,14.442,57.555,13.398,67.647,28.783,30.68,69.128,17.099,81.827
County,Campbell, Virginia,39041,61.417,18.566,47.45,37.282,37.69,35.189,52.793,7.269,50.07,49.666,63.402,24.123,62.456,23.524,53.023,31.031,49.267,36.815,33.637,52.524,43.078,56.922,82.035,15.131,72.853,24.063,60.009,38.782,59.914,36.468,56.384,40.949,77.744,19.454,41.874,55.387,58.537,38.94,71.713,27.816,60.711,15.57,57.842,16.533,53.136,22.218,49.286,19.685,50.205,18.743,63.152,33.755,28.095,71.815,18.262,81.009
County,Caroline, Virginia,20294,69.168,11.978,53.419,31.44,45.368,27.109,59.035,5.36,58.539,41.26,70.431,16.485,69.431,16.046,60.098,23.412,56.41,28.578,40.433,44.473,50.588,49.412,84.593,12.582,77.58,19.331,69.587,29.103,68.55,27.843,63.702,33.516,81.244,15.952,33.969,63.266,50.559,46.66,78.829,20.705,68.031,12.114,64.254,12.428,62.711,14.785,57.859,14,58.061,13.828,68.464,28.165,30.506,69.393,17.76,81.266
County,Carroll, Virginia,21927,58.491,21.034,47.03,37.415,37.781,36.651,50.593,7.89,47.985,51.715,62.099,26.625,61.346,26.159,50.554,34.704,47.237,39.929,31.306,56.062,40.195,59.805,81.725,15.243,72.445,24.476,58.844,40.012,58.779,37.907,55.714,41.44,77.528,19.53,43.102,53.532,58.308,39.227,69.817,29.834,61.165,16.343,57.261,17.35,52.338,23.566,47.44,21.266,48.038,19.806,61.52,35.233,28.148,71.731,18.446,80.971
County,Charles City, Virginia,5449,70.449,8.985,53.985,32.525,45.376,23.378,60.902,4.513,61.32,38.504,70.825,14.185,69.409,13.565,62.186,18.345,58.959,22.915,44.069,37.277,54.274,45.726,84.035,13.382,77.714,18.924,70.129,28.088,70.728,24.969,64.665,32.602,81.741,15.253,33.717,64.086,48.645,48.286,82.305,17.05,67.311,11.315,63.454,11.459,63.611,12.983,59.949,12.143,61.324,11.732,70.888,25.424,29.08,70.801,14.277,84.379
County,Charlotte, Virginia,8488,60.862,13.148,48.702,32.639,35.329,25.969,44.49,4.771,56.252,43.688,67.104,18.722,69.432,16.107,60.429,20.423,58.32,25.006,38.804,43.194,45.203,54.803,80.892,16.501,73.336,24.431,50.425,48.257,55.238,37.158,57.163,39.999,80.732,16.168,30.253,67.765,56.55,40.01,79.764,20.823,68.49,11.005,61.515,10.617,58.198,18.06,51.636,14.664,54.279,11.211,70.944,24.971,26.754,73,10.878,88.511
County,Chesterfield, Virginia,220124,69.644,13.442,53.929,32.682,48.884,28.526,60.373,5.812,58.123,41.228,70.177,19.389,70.219,17.796,60.615,25.302,55.361,31.58,39.47,48.127,48.667,51.333,85.293,12.162,77.226,19.673,67.925,30.767,64.494,30.296,63.962,33.441,81.837,15.473,36.759,61.359,51.391,45.814,77.818,21.676,67.955,12.407,63.931,12.963,61.305,16.435,55.927,15.372,55.938,14.86,68.637,28.505,33.446,65.996,19.769,79.018
County,Clarke, Virginia,10161,67.328,15.847,54.026,31.075,49.132,30.119,56.975,6.351,56.413,43.382,69.053,21.05,68.847,20.017,58.729,28.117,53.181,35.277,35.391,52.999,46.748,53.251,84.577,12.83,76.935,20.548,68.504,30.659,64.141,32.367,63.084,34.377,80.973,16.763,33.439,63.951,50.093,47.996,76.313,23.451,66.954,12.806,62.765,13.413,60.578,18.38,55.256,16.695,53.232,17.095,66.738,30.258,34.188,65.801,21.418,77.847
County,Craig, Virginia,3953,59.087,20.69,45.718,39.318,36.022,36.272,51.218,7.591,48.25,51.468,62.547,26.078,61.542,25.891,51.311,33.524,48.604,38.819,32.989,55.066,41.002,58.998,81.933,14.737,71.863,24.955,57.841,41.007,60.209,36.487,53.874,43.389,77.516,19.522,43.213,53.38,60.501,36.826,70.894,28.828,60.463,16.203,57.169,16.671,51.898,23.343,46.877,20.562,48.243,18.968,62.314,34.491,27.728,72.094,19.407,79.993
County,Culpeper, Virginia,32652,66.909,14.684,52.549,33.503,44.432,30.143,57.568,6.167,56.306,43.404,68.564,20.034,67.37,19.739,58.343,26.565,54.508,32.174,38.821,48.549,47.577,52.423,83.87,13.03,74.758,21.539,65.63,33.096,65.177,31.33,60.292,36.926,79.913,17.213,37.313,59.844,53.439,43.842,76.518,23.139,64.48,13.85,62.17,13.919,58.047,18.226,53.19,16.506,53.897,16.175,66.456,30.419,32.511,67.353,19.997,79.199
County,Cumberland, Virginia,6843,66.574,12.517,51.279,33.884,43.469,27.127,57.244,5.511,56.54,43.224,68.212,18.004,67.099,17.521,58.67,23.461,55.423,28.568,39.66,44.242,49.539,50.461,83.319,13.741,75.509,21.296,66.08,32.573,65.894,30.189,60.952,36.182,79.926,17.155,35.378,61.754,51.886,45.213,78.579,21.024,65.326,12.68,61.71,13.003,59.946,16.213,55.55,14.807,56.365,14.163,67.707,28.788,29.898,69.982,16.806,82.268
County,Dickenson, Virginia,11043,55.375,23.092,44.427,40.345,33.301,38.552,48.395,8.167,45.595,54.177,59.99,28.469,58.655,28.081,48.808,35.788,45.876,40.653,30.99,55.86,38.896,61.103,79.94,17.063,70.419,26.262,56.158,42.209,58.449,37.928,53.211,44.038,76.394,20.516,46.717,50.255,61.049,36.396,68.438,30.967,57.137,17.543,53.593,18.391,48.224,25.222,44.757,22.125,47.024,20.467,60.865,35.665,25.485,74.354,17.734,81.503
County,Dinwiddie, Virginia,19771,65.602,13.177,50.851,35.764,41.307,29.13,58.132,5.871,54.983,44.813,67.324,18.712,65.804,18.278,57.144,24.595,53.739,29.698,39.537,44.414,48.287,51.713,82.671,14.141,75.694,20.938,64.916,33.37,66.46,29.616,60.629,36.74,80.298,16.724,39.991,57.309,55.147,42.053,77.226,22.102,64.518,13.554,60.859,14.085,59.05,16.74,54.222,15.443,55.946,14.645,66.793,29.829,28.339,71.563,16.425,82.466
County,Essex, Virginia,7903,67.899,11.673,51.821,34.492,43.032,26.863,59.234,5.349,57.606,42.175,68.724,17.423,66.943,17.051,59.088,22.573,56.084,27.313,41.252,42.323,51.023,48.977,84.052,13.128,76.509,20.082,67.078,31.269,69.015,27.269,61.905,35.391,80.511,16.49,37.222,60.103,52.585,44.437,79.567,19.85,65.058,12.799,61.908,12.959,60.143,15.774,56.229,14.103,57.89,13.432,68.358,28.186,29.589,70.287,16.675,82.195
County,Fairfax, Virginia,768784,77.247,9.116,64.42,22.077,60.545,22.932,72.192,4.391,69.922,29.68,78.095,14.387,76.415,13.471,71.043,18.566,65.435,24.925,49.033,42.672,59.108,40.892,87.969,8.505,78.794,17.47,77.513,21.595,72.688,22.879,66.694,30.02,84.104,13.046,26.869,70.589,40.749,55.744,81.691,17.498,68.862,10.933,66.945,9.836,63.587,15.854,59.748,11.959,60.851,12.35,74.355,23.177,45.805,53.765,27.183,71.562
County,Fauquier, Virginia,46507,67.838,15.6,53.265,32.961,47.412,31.088,57.705,6.375,56.274,43.496,69.183,20.855,68.518,20.265,59.049,27.606,54.145,34.353,36.647,52.409,46.738,53.261,84.541,12.63,75.152,22.014,65.582,33.4,63.733,32.727,61.1,36.446,81.037,16.397,36.285,61.115,51.676,46.134,75.78,23.958,65.721,13.503,62.384,13.802,59.17,19.005,53.659,17.099,53.314,16.559,66.765,30.378,35.343,64.593,22.14,77.106
County,Floyd, Virginia,11413,64.706,17.104,53.018,31.238,46.132,30.488,54.63,6.563,54.226,45.525,67.6,22.109,67.613,21.467,57.262,29.371,52.549,35.969,35.022,53.621,45.36,54.639,83.674,13.191,75.712,21.666,66.745,32.547,63.095,33.664,60.439,36.572,79.302,18.268,33.526,63.239,51.219,46.475,75.104,24.832,65.307,13.531,61.396,14.03,58.717,19.316,53.259,17.562,51.476,17.784,65.2,31.59,33.263,66.663,20.748,78.75
County,Fluvanna, Virginia,18503,68.556,13.094,52.282,34.25,44.932,29.659,58.4,5.607,57.276,42.618,70.552,18.861,69.299,18.737,60.742,24.547,56.878,30.423,39.155,48.549,48.237,51.764,85.273,11.922,75.622,21.475,65.191,33.553,64.366,31.096,60.821,36.826,81.731,15.563,34.776,62.985,52.893,44.525,78.639,21.193,65.316,12.359,62.947,12.084,57.582,18.377,53.249,15.522,55.62,13.974,69.233,27.61,33.684,66.173,20.475,78.612
County,Franklin, Virginia,40412,64.797,17.021,51.654,32.512,44.703,31.243,54.561,6.825,53.764,45.948,66.04,21.859,65.876,21.175,55.501,29.683,51.207,36.328,33.749,53.01,44.981,55.018,83.721,13.427,75.466,21.86,64.182,34.957,61.602,35.017,58.462,38.762,78.71,18.865,35.836,61.1,53.252,44.576,73.785,26.019,64.072,13.993,59.476,14.821,56.764,19.125,51.294,18.108,51.039,18.049,64.405,32.477,31.961,67.999,19.899,79.551
County,Frederick, Virginia,56274,62.617,18.42,49.462,35.977,42.289,34.064,54.348,6.982,51.79,48.06,65.978,24.584,65.001,24.092,56.087,30.217,51.489,36.897,34.546,54.215,43.631,56.369,83.837,13.339,74.199,22.868,63.222,35.666,62.164,34.344,59.131,38.405,79.532,17.851,39.626,57.537,55.185,42.571,74.192,25.55,63.953,14.726,59.703,15.087,55.702,20.889,51.018,18.75,50.921,17.966,64.95,32.139,31.309,68.597,21.113,78.149
County,Giles, Virginia,12051,58.937,20.722,46.974,38.019,37.837,34.366,50.878,7.301,49.265,50.531,63.562,25.483,62.46,25.044,52.892,32.305,49.858,37.63,33.254,54.403,41.703,58.297,82.494,14.325,71.655,24.801,58.694,40.128,60.717,35.871,54.955,42.369,78.289,18.851,41.193,55.31,59.199,38.196,71.458,28.281,60.246,15.663,56.97,15.999,51.674,23.841,47.397,20.038,48.856,18.629,63.408,33.327,28.778,71.06,19.619,79.764
County,Gloucester, Virginia,26385,61.989,18.256,48.492,36.044,39.918,34.022,53.502,7.105,50.484,49.328,64.784,23.701,64.105,22.86,54.119,31.169,50.143,37.113,33.979,53.352,42.723,57.277,81.998,14.728,72.762,23.826,60.606,38.225,60.793,35.601,57.161,39.739,78.929,17.959,40.902,56.081,57.131,39.436,71.996,27.594,62.575,15.196,58.665,15.849,53.512,22.709,49.191,19.433,50.292,18.323,64.181,32.785,29.22,70.689,19.342,79.912
County,Goochland, Virginia,16290,63.74,15.863,49.312,36.375,42.415,33.201,55.519,6.649,52.942,46.905,66.079,22.392,65.329,21.423,56.261,28.642,51.729,34.849,35.021,51.552,44.518,55.482,83.169,14.455,74.186,22.958,62.443,36.295,61.709,34.419,59.792,37.98,80.079,17.337,39.696,58.147,55.659,42.13,74.837,24.711,64.06,13.965,60.866,14.717,56.713,20.247,52.534,17.687,52.752,16.716,65.96,31.133,30.868,69.092,19.587,79.501
County,Grayson, Virginia,11450,57.874,20.77,45.524,39.19,35.416,36.068,50.513,7.63,47.771,51.956,62.12,26.197,60.653,26.073,51.014,33.439,48.351,38.361,32.971,54.198,40.877,59.123,81.1,15.495,71.142,25.513,57.397,41.255,59.697,36.889,53.762,43.334,76.78,20.114,43.868,52.629,60.401,36.782,70.42,29.229,59.191,16.594,55.958,17.172,50.729,23.494,46.304,20.844,48.101,19.267,61.904,34.74,27.097,72.713,18.546,80.82
County,Greene, Virginia,13147,64.451,17.287,48.559,38.013,41.287,33.82,57.158,6.859,52.306,47.482,65.58,23.481,64.401,22.48,54.966,30.133,51.487,35.723,34.987,52.533,43.804,56.196,83.601,13.426,73.122,23.628,62.797,35.834,63.452,33.176,57.637,39.863,79.253,17.874,41.378,56.117,54.736,42.907,74.284,25.296,61.383,15.239,57.739,15.471,52.911,21.523,49.476,18.807,51.077,17.475,64.832,32.039,29.233,70.612,20.531,78.623
County,Greensville, Virginia,8697,70.067,9.013,54.144,32.874,45.819,22.949,61.311,4.648,60.296,39.5,70.291,14.491,68.958,14.101,61.706,18.8,58.241,23.417,43.81,37.329,53.686,46.314,83.893,13.615,77.924,18.739,71.12,27.161,70.552,25.471,64.879,32.23,80.914,16.158,34.772,62.648,47.735,48.072,82.008,17.345,66.393,11.703,62.598,11.977,63.362,12.948,60.417,12.02,61.307,11.987,69.82,26.592,28.306,71.595,14.113,84.571
County,Halifax, Virginia,25233,64.384,12.937,48.946,34.934,38.787,28.252,52.626,5.449,55.582,44.217,66.787,18.584,66.653,17.336,58.071,22.798,55.096,27.655,38.935,43.576,47.66,52.342,81.612,15.837,74.567,22.398,59.597,38.775,62.732,32.341,58.99,38.303,79.786,17.192,36.487,60.99,55.09,41.94,77.446,22.25,65.638,12.63,60.806,12.955,58.78,17.026,54.26,15.146,55.832,13.418,68.16,28.176,27.518,72.35,13.781,85.315
County,Hanover, Virginia,69493,64.6,18.142,49.04,35.946,40.868,34.736,56.031,6.922,52.611,47.207,66.117,24.513,65.353,23.728,55.926,30.937,51.306,37.029,34.18,54.529,44.719,55.281,83.263,13.69,73.97,22.743,62.15,36.717,61.59,34.85,57.931,39.263,79.455,17.689,39.812,58.026,56.316,40.573,73.969,25.719,63.9,14.506,60.278,15.144,55.414,22.294,51.129,18.653,51.525,17.99,65.294,31.938,31.894,68.057,21.018,78.25
County,Henrico, Virginia,220192,69.5,12.423,58.443,30.718,49.021,26.169,63.574,5.054,61.697,38.31,74.372,14.791,72.402,16.153,63.515,23.088,58.668,28.452,42.344,44.755,52.832,47.167,86.432,11.532,79.232,18.158,71.793,26.748,70.002,25.777,65.673,32.427,82.964,14.859,33.048,65.004,48.412,50.037,81.168,18.267,68.406,11.525,64.219,11.728,59.984,17.46,56.193,13.454,57.807,13.859,71.205,25.898,35.093,64.953,20.104,78.578
County,Henry, Virginia,37910,62.297,17.242,46.757,39.25,37.377,32.989,54.392,6.765,51.263,48.521,64.395,22.292,62.655,22.282,53.679,28.846,50.541,33.623,35.956,48.898,44.68,55.32,82.101,15.184,73.196,23.362,60.509,37.727,62.117,33.579,56.482,40.855,78.18,18.78,43.552,53.627,58.606,38.663,74.191,25.138,62.252,15.024,57.813,15.843,53.894,19.736,50.848,17.868,53.051,16.702,64.386,32.178,27.407,72.489,16.566,82.377
County,Highland, Virginia,1847,64.388,16.931,50.906,34.728,43.506,31.512,56.534,6.627,53.715,45.983,67.58,22.462,65.82,22.755,56.358,29.805,53.608,35.046,36.28,53.178,45.556,54.444,83.864,12.42,73.42,23.333,63.573,35.427,64.083,32.974,57.129,40.062,78.924,18.19,37.546,58.847,55.14,42.06,75.274,24.699,63.812,14.398,61.244,14.211,56.13,20.669,49.624,18.202,50.713,16.946,65.121,31.657,32.52,67.219,23.167,76.32
County,Isle of Wight, Virginia,25624,65.466,15.716,50.71,34.433,43.587,31.85,55.952,6.557,53.819,45.973,66.337,21.18,66.342,19.975,56.478,27.814,50.866,34.82,35.332,50.255,45.911,54.088,83.295,14.603,76.128,21.113,65.418,33.324,62.668,33.377,62.13,35.396,80.39,17.128,37.904,59.836,53.857,44.081,74.691,24.675,63.81,13.698,59.355,14.935,56.409,18.245,54.319,17.105,53.623,17.216,65.567,31.405,30.37,69.683,17.68,81.359
County,James City, Virginia,51936,70.511,14.234,55.728,30.799,50.166,29.752,61.425,6.092,58.335,41.521,70.643,20.069,69.894,18.959,60.441,26.524,54.859,33.588,37.353,51.093,48.708,51.292,85.913,11.776,77.171,20.127,69.517,29.432,66.291,30.252,64.169,33.777,81.959,15.802,35.352,62.856,49.972,48.277,77.644,21.939,67.936,12.649,64.247,13.072,60.676,17.95,55.049,16.102,54.746,16.081,68.367,28.982,35.99,64.026,23.111,75.861
County,King and Queen, Virginia,5301,65.159,13.908,49.733,36.501,40.732,29.98,56.911,5.938,54.629,45.15,66.995,19.75,65.221,19.325,56.898,25.485,53.926,30.438,38.598,45.999,47.714,52.287,83.128,13.98,74.523,22.069,63.45,34.893,65.531,30.468,59.294,38.08,79.879,17.072,39.934,57.407,55.372,41.682,76.928,22.515,63.747,13.802,60.206,14.12,57.105,17.918,52.835,16.149,54.953,14.927,66.761,29.897,28.564,71.289,17.441,81.516
County,King George, Virginia,16483,65.49,16.578,51.291,34.407,43.749,32.702,56.246,6.553,53.492,46.352,67.656,21.638,67.092,20.818,57.619,28.336,52.633,34.811,36.258,51.349,45.404,54.596,84.164,13.265,74.695,22.485,64.383,34.585,62.728,33.586,60.113,37.525,80.517,16.951,38.25,59.563,52.262,45.708,74.964,24.642,64.487,13.933,60.688,14.616,57.33,19.389,52.227,17.529,52.606,16.938,66.001,31.202,32.449,67.514,20.536,78.626
County,King William, Virginia,11247,61.581,17.564,47.346,37.646,38.637,33.978,53.377,6.917,50.359,49.42,64.113,23.275,63.066,22.534,53.722,29.915,49.837,35.623,34.667,50.882,43.608,56.391,82.179,15.198,73.467,23.41,60.866,37.74,61.511,34.692,57.956,39.444,78.728,18.416,41.763,55.472,57.42,40.031,73.013,26.363,61.61,15.11,57.627,16.034,54.158,20.561,50.604,18.505,51.841,17.536,64.209,32.671,27.925,72.004,17.476,81.63
County,Lancaster, Virginia,8694,68.391,13.567,53.871,31.545,48.248,28.552,58.444,5.901,57.074,42.743,69.192,19.079,69.041,18.119,59.533,25.454,54.087,32.18,37.399,48.765,48.763,51.236,84.418,13.189,77.509,19.828,69.375,29.607,65.73,30.631,63.979,33.468,81.224,16.402,33.35,64.28,49.279,48.659,77.884,21.703,66.943,12.336,62.697,13.078,61.394,16.641,57.126,15.229,55.639,15.71,67.568,29.377,33.107,66.926,19.356,79.714
County,Lee, Virginia,18465,56.254,22.071,44.398,39.899,34.194,37.471,48.776,8.094,45.998,53.73,60.442,27.458,59.328,27.158,49.519,34.941,46.338,40.122,31.573,55.107,39.322,60.678,80.197,16.68,70.803,25.869,56.559,41.97,57.95,38.59,53.559,43.484,76.181,20.694,45.401,51.164,60.957,36.327,68.341,31.143,57.918,17.256,54.29,18.289,49.397,24.186,45.929,21.629,47.419,20.282,60.674,36.017,26.029,73.814,17.516,81.823
County,Loudoun, Virginia,230834,75.191,11.174,62.35,26.853,54.145,27.404,69.124,5.06,66.767,33.029,76.616,15.042,75.858,14.439,67.414,20.995,61.514,28.228,43.979,46.926,53.915,46.085,87.387,10.132,79.721,17.51,74.485,24.415,72.252,24.585,67.807,30.317,84.318,13.395,32.084,66.836,45.146,53.212,82.526,17.181,72.639,11.199,69.737,11.071,66.621,14.961,59.766,13.545,58.477,13.346,72.216,25.326,41.229,58.701,25.14,73.762
County,Louisa, Virginia,24702,64.452,15.679,50.48,35.225,42.475,30.792,56.031,6.268,54.229,45.557,67.04,21.351,65.719,20.978,56.844,27.59,53.321,32.974,37.029,49.514,46.599,53.401,82.971,13.995,74.772,22.068,64.309,34.381,64.005,32.274,59.188,38.126,79.314,17.901,37.921,58.958,54.424,42.909,75.425,24.143,63.451,13.794,60.205,14.15,56.744,18.617,52.143,17.05,53.165,16.127,66.103,30.651,30.494,69.371,19.523,79.64
County,Lunenburg, Virginia,9102,66.542,12.371,51.168,34.582,42.949,26.927,58.075,5.542,56.725,42.978,68.29,17.909,66.493,17.88,58.571,23.459,55.994,28.069,40.737,43.496,49.865,50.135,83.201,13.491,74.776,21.706,65.876,32.657,66.593,29.816,59.679,37.273,79.207,17.629,36.921,59.784,52.549,44.193,78.416,21.172,64.493,13.221,61.536,13.299,59.301,16.382,54.786,14.968,56.296,14.135,67.289,29.187,29.589,70.202,17.247,81.816
County,Madison, Virginia,9304,64.199,16.793,51.104,34.229,43.785,31.022,55.9,6.49,53.858,45.927,67.147,22.408,66.2,21.977,56.843,28.993,52.923,34.793,35.856,52.12,45.654,54.346,83.767,13.178,74.75,22.315,64.246,34.671,63.33,33.233,59.099,38.243,79.261,18.12,36.738,60.314,53.592,43.934,75.321,24.442,64.777,13.874,61.204,14.208,56.596,19.503,51.443,17.556,51.817,16.916,65.674,31.172,31.85,68.022,20.827,78.46
County,Mathews, Virginia,6779,65.946,16.09,52.026,32.868,46.284,30.675,56.834,6.441,54.607,45.145,68.207,21.582,67.44,21.226,57.887,28.613,53.597,34.868,36.304,52.453,46.443,53.557,84.22,12.627,74.988,22.213,65.652,33.612,63.332,33.516,59.864,37.406,79.614,17.868,35.049,61.707,52.363,45.237,75.686,24.199,65.381,13.62,62.038,13.95,58.493,19.38,52.867,17.327,52.249,16.993,65.79,31.249,33.822,66.082,21.951,77.507
County,Mecklenburg, Virginia,22993,68.432,11.83,52.719,33.435,44.377,26.562,58.182,5.424,58.226,41.494,68.884,17.115,67.559,16.706,59.362,22.935,56.224,27.856,41.007,43.253,50.801,49.199,83.969,13.127,75.791,20.922,66.94,31.652,67.104,29.011,60.896,36.278,80.61,16.407,35.913,61.247,50.691,46.475,79.304,20.318,65.764,12.746,62.387,12.922,60.674,16.169,56.576,14.483,57.271,13.728,68.083,28.473,30.698,69.179,16.866,82.185
County,Middlesex, Virginia,8292,66.698,15.412,53.907,31.063,47.175,29.67,56.387,6.265,54.961,44.837,68.075,20.784,68.132,19.858,58.34,27.307,53.073,34.191,35.863,51.253,47.024,52.976,83.791,13.527,76.534,20.852,66.763,32.321,64.673,32.12,62.14,35.094,79.672,17.991,33.539,63.683,51.597,46.175,76.541,23.196,66.876,12.936,62.654,13.709,60.457,18.018,55.925,16.292,54.003,16.675,66.174,30.743,33.005,66.996,19.573,79.725
County,Montgomery, Virginia,53800,72.898,13.155,58.47,27.81,55.797,27.477,63.74,5.637,61.035,38.834,73.128,18.511,72.717,16.939,63.331,25.013,57.448,32.501,38.714,51.957,50.789,49.211,86.509,10.922,78.757,18.761,72.118,27.021,67.549,28.905,66.34,31.463,83.339,14.507,30.719,67.483,46.372,51.942,80.345,19.536,70.466,11.443,66.844,11.581,65.009,16.065,58.55,14.833,56.063,15.143,69.746,27.444,38.849,61.127,24.817,74.397
County,Nelson, Virginia,10854,70.246,12.873,56.474,29.94,50.605,27.104,60.802,5.554,59.734,40.058,71.498,18.137,70.803,17.602,61.418,24.632,56.875,30.886,39.141,48.952,50.408,49.592,85.49,11.62,77.912,19.306,70.907,28.101,68.321,28.289,64.016,33.409,81.887,15.676,31.71,65.804,48.113,49.639,79.635,20.166,68.489,11.827,64.945,11.896,62.73,16.255,56.827,14.677,55.904,14.707,68.84,27.99,35.244,64.663,21.914,77.228
County,New Kent, Virginia,14373,62.537,17.587,48.867,37.061,40.219,34.549,55.391,6.977,51.752,48.003,65.254,23.388,63.792,22.934,54.713,30.339,51.063,36.054,35.148,52.211,44.17,55.829,83.242,13.874,73.392,23.429,60.962,37.735,62.019,34.448,57.743,39.804,79.265,17.901,42.262,54.901,56.823,40.706,73.343,26.197,62.824,15.188,59.321,15.732,54.996,21.118,50.179,18.798,51.549,17.455,64.527,32.573,29.729,70.153,20.068,79.113
County,Northampton, Virginia,8831,72.285,9.539,55.073,31.892,49.281,23.845,64.396,4.757,62.65,37.066,72.663,14.681,70.416,14.75,63.11,19.944,60.443,24.558,44.979,40.447,54.614,45.386,85.418,11.349,77.105,19.341,71.135,27.419,71.439,25.129,63.645,33.575,81.611,15.333,33.593,63.645,47.588,49.34,82.329,17.302,68.304,11.522,65.898,11.23,64.21,13.885,58.677,12.77,60.071,12.136,70.628,26.005,33.531,66.252,19.793,79.109
County,Northumberland, Virginia,9642,64.719,15.654,49.195,36.761,42.497,31.778,56.644,6.476,53.201,46.58,66.322,21.666,64.887,21.231,56.127,27.944,52.319,33.545,36.81,49.392,46.335,53.664,83.53,13.726,74.315,22.517,62.625,36.033,63.2,33.165,59.04,38.473,79.734,17.449,40.186,57.093,55.728,41.712,75.712,23.887,62.252,14.168,59.071,14.809,55.242,19.613,51.307,17.207,53.007,16.489,65.612,31.357,30.457,69.468,19.37,79.757
County,Nottoway, Virginia,11010,64.41,13.125,48.587,37.639,39.032,29.288,56.611,5.911,54.07,45.694,65.798,19.093,63.883,18.773,55.962,24.579,53.115,29.187,38.923,43.515,47.87,52.13,82.108,15.182,74.126,22.233,63.492,34.591,65.284,30.704,59.127,38.13,79.148,17.657,41.756,55.657,55.619,41.322,76.588,22.617,62.22,14.102,58.817,14.659,56.574,17.18,53.384,15.761,55.778,14.759,66.274,30.217,26.565,73.292,15.511,83.338
County,Orange, Virginia,24552,67.118,15.042,52.007,33.523,46.215,30.263,58.445,6.289,55.358,44.412,68.144,21.123,67.392,20.072,58.062,27.231,53.927,33.44,37.669,50.272,47.179,52.821,84.373,12.654,75.435,21.567,65.677,33.267,65.041,31.687,60.601,36.844,80.324,16.99,37.309,60.272,53.615,43.928,76.551,23.187,65.935,13.628,62.498,13.932,59.575,18.518,52.624,16.919,53.212,16.191,66.34,30.601,32.751,67.141,21.045,78.144
County,Page, Virginia,17170,61.892,18.076,49.847,34.672,41.063,31.974,53.24,6.848,51.75,47.95,65.551,23.259,64.521,23.212,54.644,30.5,51.517,35.922,34.897,52.945,44.037,55.962,82.524,13.888,73.568,23.341,62.918,36.084,62.722,34.136,56.804,40.096,77.927,19.222,37.322,58.926,55.372,41.857,73.67,26.204,62.533,14.741,59.312,15.015,55.359,20.704,49.954,18.567,50.059,17.911,63.824,32.769,30.243,69.559,19.902,79.563
County,Patrick, Virginia,13632,59.305,20.674,45.28,39.747,35.563,37.396,50.474,7.859,47.656,52.049,61.479,26.731,60.288,26.292,50.478,33.834,47.256,39.018,32.476,54.475,40.314,59.686,81.267,15.759,71.608,25.102,56.381,42.125,58.579,37.79,54.53,42.766,77.37,19.53,45.381,51.465,60.911,36.514,69.548,29.942,60.224,16.689,56.377,17.656,52.509,23.042,47.066,21.047,48.111,19.387,61.639,35.058,26.954,72.906,17.854,81.418
County,Pittsylvania, Virginia,45313,62.317,16.821,47.94,36.674,39.538,32.327,53.905,6.8,50.367,49.422,63.705,23.893,62.681,22.983,53.799,29.523,50.197,34.863,35.2,49.822,43.629,56.37,81.417,15.839,72.512,23.924,61.99,36.705,60.708,35.287,57.402,39.782,78.017,19.119,40.325,56.375,56.968,40.437,73.078,26.437,61.127,15.119,58.308,15.808,54.867,20.302,50.065,18.404,51.473,17.779,64.001,32.715,28.147,71.779,16.92,82.259
County,Powhatan, Virginia,20402,62.821,18.194,48.986,35.103,42.476,34.274,53.921,7.203,50.623,49.173,65.178,24.479,64.828,23.781,55.009,31.485,50.089,38.205,33.614,54.707,42.886,57.114,82.8,14.5,73.489,23.819,61.125,37.97,59.872,36.893,58.537,38.912,78.943,18.548,39.077,58.079,55.171,42.685,72.495,27.235,63.938,14.821,59.162,15.748,55.656,21.701,51.039,19.096,50.463,18.563,63.777,33.403,31.428,68.535,20.264,79.164
County,Prince Edward, Virginia,12968,72.029,9.622,55.264,32.094,48.919,23.938,63.765,4.765,62.118,37.629,72.593,14.961,70.372,15.038,63.119,20.128,60.521,24.741,44.551,40.999,54.621,45.38,85.383,11.334,76.961,19.572,70.447,28.171,71.066,25.509,63.11,34.118,81.513,15.47,33.159,63.924,48.616,48.229,82.309,17.392,68.19,11.544,65.741,11.196,63.624,14.196,58.041,12.836,59.629,12.121,70.533,26.138,33.401,66.377,19.904,79.056
County,Prince George, Virginia,25977,66.297,13.778,50.989,35.479,41.183,30.492,56.967,5.993,55.273,44.51,67.367,19.653,66.294,18.925,57.817,25.232,54.018,30.669,39.027,45.948,47.403,52.597,83.302,14.134,75.266,21.493,63.466,34.96,64.607,31.212,60.126,37.293,80.389,16.694,40.292,57.233,55.04,42.141,76.602,22.843,64.745,13.812,60.61,14.315,58.256,17.714,54.218,15.961,55.55,14.904,66.848,30.043,28.723,71.174,16.865,82.086
County,Prince William, Virginia,280543,73.276,10.704,59.434,27.976,51.097,24.793,63.216,4.559,65.14,34.804,75.301,15.294,74.016,15.167,66.914,20.533,62.894,25.774,44.637,43.667,55.952,44.048,86.68,10.3,78.522,18.256,74.058,24.282,73.886,22.927,66.596,31.058,83.816,13.778,30.148,66.711,45.276,52.461,80.486,18.993,67.638,10.842,65.625,10.422,62.553,13.658,56.612,12.477,59.536,12.586,72.633,24.643,38.781,61.118,22.908,75.814
County,Pulaski, Virginia,25510,61.616,19.114,47.111,38.61,36.561,35.939,53.496,7.419,50.296,49.419,63.905,24.572,62.643,24.082,52.662,32.048,49.028,37.703,34.122,53.383,42.199,57.801,82.495,14.634,73.006,23.773,58.921,39.593,62.239,34.656,56.44,41.031,78.751,18.315,43.966,53.021,59.698,37.761,72.847,26.744,60.897,15.76,56.623,16.473,51.583,21.92,47.098,19.858,49.516,18.449,63.266,33.535,28.808,71.066,19.28,79.914
County,Rappahannock, Virginia,5589,69.276,14.078,55.274,30.803,49.984,28.541,60.037,5.892,58.715,41.054,71.062,19.528,70.169,19.216,60.879,26.332,56.605,32.568,38.425,51.411,48.936,51.064,85.423,11.387,76.246,20.889,68.559,30.556,66.386,30.397,62.057,35.335,81.155,16.282,33.153,64.058,49.602,48.023,78.476,21.5,67.714,12.479,64.672,12.332,60.985,18,54.356,15.903,54.036,15.439,68.165,28.812,36.262,63.574,24.011,75.363
County,Richmond, Virginia,6679,67.285,12.803,52.938,33.042,44.865,26.817,58.288,5.612,57.292,42.418,69.231,18.277,67.741,18.273,59.568,24.008,56.651,28.953,40.714,45.152,49.532,50.468,83.666,12.876,75.415,21.214,66.761,31.991,66.931,29.697,59.945,36.925,79.36,17.627,35.599,60.89,51.792,45.015,78.413,21.35,65.306,13.186,62.306,13.15,59.996,16.715,54.942,15.096,55.548,14.562,67.176,29.501,31.091,68.691,18.572,80.588
County,Roanoke, Virginia,66984,63.93,18.681,48.972,36.109,41.426,36.146,56.091,7.196,51.126,48.755,65.782,24.288,65.143,23.263,54.86,31.91,49.935,38.261,33.47,55.102,43.199,56.801,83.846,13.839,74.394,22.763,62.513,36.179,61.899,34.489,59.85,38.026,80.574,16.891,41.578,56.072,57.065,40.983,72.613,26.87,63.44,14.942,59.443,15.724,54.495,21.635,50.239,19.16,51.053,18.316,64.911,32.277,31.098,68.882,20.567,78.513
County,Rockbridge, Virginia,16817,62.522,18.219,48.988,37.144,40.098,34.722,55.105,7.016,51.604,48.188,65.306,24.044,63.922,23.476,54.188,31.202,50.533,36.847,34.254,53.71,43.353,56.647,83.153,14.005,73.605,23.237,61.424,37.118,62.928,33.414,57.743,39.897,79.629,17.6,42.35,55.288,57.701,39.92,73.496,26.019,62.342,15.074,58.713,15.462,53.927,21.599,48.868,19.057,50.539,17.692,64.706,32.123,29.476,70.39,20.513,78.549
County,Rockingham, Virginia,53298,61.667,18.397,50.331,35.236,43.702,33.875,53.187,7.046,50.176,49.711,66.385,23.25,66.27,22.539,55.036,31.44,50.749,37.676,33.275,55.205,42.688,57.312,83.299,13.872,73.215,24.096,62.363,36.596,58.979,36.965,59.28,38.104,78.301,19.233,37.911,59.325,54.291,43.649,71.632,28.061,63.441,14.807,59.396,15.38,54.509,22.003,48.376,19.532,49.429,18.46,64.102,32.793,31.307,68.612,20.404,78.892
County,Russell, Virginia,20317,56.724,22.131,44.26,39.676,32.214,37.778,46.641,7.91,45.73,54.083,60.459,27.315,60.216,26.19,49.889,34.089,46.64,39.567,30.973,55.504,39.089,60.912,79.862,17.397,69.624,27.505,53.945,44.641,55.901,39.855,52.992,44.382,76.541,20.526,44.465,52.853,62.445,35.02,68.876,30.813,59.2,16.738,54.71,17.572,49.721,25.117,45.544,21.836,47.199,19.656,61.743,34.804,25.288,74.568,16.503,82.827
County,Scott, Virginia,16512,54.337,23.374,44.1,39.683,33.317,38.808,46.681,8.315,44.62,55.156,59.432,28.594,58.784,27.878,48.695,36.011,45.339,41.537,30.09,56.695,37.988,62.012,80.157,16.907,70.161,26.816,54.87,43.821,55.756,40.484,53.276,43.899,76.28,20.795,45.024,51.723,61.588,35.902,67.907,31.686,58.153,17.261,54.114,18.467,49.357,24.98,45.173,22.423,46.256,21.034,60.339,36.386,25.86,74.017,17.652,81.687
County,Shenandoah, Virginia,30850,62.926,18.863,48.97,36.502,39.758,33.12,52.863,7.025,51.213,48.552,65.535,23.329,64.31,23.088,54.724,30.51,51.072,36.448,35.46,52.632,43.888,56.111,83.382,13.491,73.659,23.225,61.407,37.403,61.509,34.94,57.677,39.631,78.738,18.429,40.69,56.062,58.369,39.018,73.429,26.325,62.541,14.973,59.46,15.469,54.599,21.041,49.663,19.016,50.908,18.039,64.087,32.829,29.902,69.944,20.518,78.719
County,Smyth, Virginia,22711,59.434,20.926,45.907,39.028,36.299,36.788,50.569,7.861,47.651,52.079,62.137,26.374,61.277,25.7,50.791,33.839,47.328,39.518,32.352,54.836,40.156,59.844,81.1,15.896,72.123,24.706,58.086,40.608,58.802,37.661,55.032,42.259,77.595,19.463,44.306,52.542,60.878,36.585,70.049,29.507,59.496,16.5,55.95,17.585,51.344,23.93,47.143,21.069,48.214,19.755,61.702,35.103,27.464,72.407,18.658,80.672
County,Southampton, Virginia,13326,64.091,13.926,48.192,37.882,39.046,30.424,56.105,6.057,53.385,46.385,65.696,19.985,64.099,19.393,55.858,25.513,52.768,30.439,38.169,45.184,46.877,53.123,82.467,14.951,74.03,22.495,62.001,36.212,64.211,31.631,58.813,38.587,79.479,17.434,41.958,55.587,56.451,40.635,76.332,22.988,62.736,14.144,58.934,14.743,56.289,17.96,52.8,16.25,55.117,14.981,66.254,30.384,27.056,72.832,15.98,82.913
County,Spotsylvania, Virginia,84467,68.841,13.392,55.367,31.192,47.758,28.931,58.655,5.908,58.212,41.589,69.818,20.5,69.184,20.01,59.946,26.606,55.66,31.864,38.909,48.999,49.899,50.101,84.775,12.518,77.061,20.198,68.617,30.357,65.957,30.45,63.148,34.311,80.89,16.699,33.791,63.138,49.104,48.804,76.48,23.173,66.752,12.6,63.548,13.01,62.076,16.899,57.068,15.541,55.689,15.436,67.646,29.411,33.676,66.275,20.923,78.204
County,Stafford, Virginia,87903,73.366,12.233,58.782,28.953,53.903,26.445,64.341,5.387,61.219,38.604,73.34,17.323,71.913,17.04,63.476,23.537,59.335,29.504,41.291,48.422,51.754,48.246,86.589,10.496,77.419,19.627,70.984,28.139,69.525,27.438,62.652,34.912,81.946,15.569,32.94,64.291,51.333,46.216,79.641,20.176,69.342,12.196,66.691,11.883,63.525,16.199,56.039,14.41,56.095,14.284,69.595,27.637,37.375,62.515,23.379,75.882
County,Surry, Virginia,4956,70.909,9.972,54.636,32.084,47.407,24.631,61.451,4.894,60.418,39.373,71.09,15.363,69.925,14.832,61.974,20.33,58.369,25.462,42.802,40.859,53.09,46.911,84.706,12.632,77.701,19.107,69.666,28.868,69.428,26.595,63.958,33.387,81.84,15.334,33.665,63.881,48.943,48.233,81.423,18.136,68.121,11.504,64.403,11.737,63.513,13.915,59.174,12.857,59.862,12.403,70.025,26.654,31.438,68.473,16.785,82.084
County,Sussex, Virginia,9794,69.678,8.756,52.868,34.197,44.363,23.356,61.079,4.741,59.69,40.075,69.591,14.378,67.841,14.123,60.823,18.778,57.635,23.227,43.76,36.76,53.179,46.821,83.34,14.168,77.169,19.265,69.609,28.48,69.734,26.323,63.556,33.638,80.616,16.293,37.333,60.334,50.244,46.491,81.285,17.948,65.689,12.036,62.157,12.343,62.476,12.937,59.629,12.141,61.202,11.821,69.444,26.976,27.406,72.46,13.799,84.868
County,Tazewell, Virginia,31344,56.771,21.231,44.924,39.017,34.067,37.835,48.243,8.056,46.016,53.735,60.159,27.93,59.342,26.883,49.588,35.086,46.718,40.254,31.25,55.522,39.564,60.435,80.613,16.194,71.398,25.41,56.247,42.487,58.253,38.618,54.064,43.098,76.318,20.71,44.321,51.93,61.581,35.817,69.627,30.129,57.245,17.409,54.126,18.078,48.96,25.007,45.245,22.034,46.444,20.721,60.854,35.912,27.092,72.761,18.471,80.979
County,Warren, Virginia,26608,63.347,17.859,52.267,33.35,46.232,30.285,54.873,6.458,54.102,45.695,68.025,22.188,66.989,22.657,57.606,29.261,53.395,35.514,35.828,53.12,45.626,54.373,84.062,12.727,74.895,22.35,65.23,33.886,63.252,33.358,59.631,37.49,79.964,17.448,34.32,62.635,50.598,47.087,76.145,23.841,63.851,13.859,60.073,14.072,56.722,20.768,52.277,17.908,51.746,17.688,65.514,31.33,33.702,66.188,21.217,78.32
County,Washington, Virginia,39783,59.845,20.748,47.502,36.638,39.461,35.846,51.336,7.656,48.925,50.841,63.414,26.212,62.913,25.535,52.639,33.702,48.417,39.826,32.058,56.37,41.061,58.939,82.038,15.016,72.467,24.651,59.799,39.159,58.758,37.821,56.404,40.925,77.967,19.364,40.891,56.05,57.633,40.064,70.588,29.112,61.167,15.724,57.33,16.592,52.646,23.142,48.062,20.568,48.284,19.703,62.624,34.339,29.789,70.114,20.053,79.362
County,Westmoreland, Virginia,12916,69.313,11.593,53.8,33.425,45.448,26.535,61.214,5.288,59.816,39.909,70.735,17.419,68.751,17.386,60.788,23.021,57.986,27.817,42.066,44.249,51.499,48.501,85.076,11.769,76.042,20.607,68.109,30.528,68.967,27.484,61.367,35.95,80.892,16.19,35.671,61.487,51.915,45.125,80.088,19.586,67.487,12.39,63.952,12.231,62.249,15.675,56.139,14.268,57.134,13.357,69.005,27.749,31.974,67.833,19.787,79.255
County,Wise, Virginia,27966,57.754,21.028,46.848,36.017,38.115,33.628,48.703,7.65,48.212,51.535,62.036,26.025,62.023,25.397,51.947,33.186,47.75,39.288,32.026,54.795,40.645,59.355,80.159,16.81,72.037,25.216,59.688,39.318,58.055,38.716,55.695,41.221,76.481,20.887,38.912,57.259,58.185,39.324,69.753,29.985,59.57,15.913,56.573,17.01,51.418,22.587,48.541,20.564,47.866,20.507,61.552,35.132,28.034,71.873,18.14,81.36
County,Wythe, Virginia,21223,59.796,20.184,47.035,37.212,37.892,35.48,50.387,7.505,48.601,51.157,63.328,25.396,62.689,24.877,52.468,32.847,48.689,38.678,32.497,55.157,41.302,58.698,81.815,15.064,72.215,24.811,59.432,39.443,59.063,37.366,55.556,41.584,77.227,20.015,40.622,56.254,57.221,40.297,70.239,29.416,61.269,15.693,56.675,16.505,52.127,22.365,47.88,20.407,48.427,19.312,62.465,34.304,28.634,71.243,18.961,80.477
County,York, Virginia,44447,66.487,15.577,51.694,34.902,44.787,32.99,58.046,6.512,55.289,44.559,68.074,22.126,67.247,21.128,58.219,28.361,53.385,34.641,36.787,51.669,45.693,54.307,84.101,13.491,74.714,22.38,63.326,35.311,62.711,33.155,60.98,36.965,81.108,16.353,39.617,58.457,53.703,44.259,74.823,24.649,64.846,13.838,60.399,14.349,57.029,19.624,52.57,17.532,53.492,16.455,67.12,30.188,32.167,67.769,21.232,77.715
County,Alexandria City, Virginia,115156,83.778,6.785,70.068,20.045,70.233,18.035,73.99,3.907,73.653,26.12,81.105,10.678,80.723,10.377,73.505,16.191,68.126,22.598,50.274,41.769,62.42,37.58,89.688,7.424,82.845,14.064,82.143,17.405,76.435,20.938,72.892,24.901,86.317,11.624,21.67,76.466,32.007,66.638,87.02,13.024,79.031,8.487,76.041,8.153,77.671,10.177,67.989,10.109,63.636,10.921,75.426,22.148,49.156,50.794,28.195,70.93
County,Bristol City, Virginia,12269,63.344,17.549,49.991,35.106,42.488,32.656,55.243,6.894,52.533,47.194,66.141,22.964,64.911,22.799,55.28,30.316,51.634,36.049,35.323,52.829,44.711,55.288,83.189,13.548,73.765,23.145,63.279,35.644,61.887,34.693,57.649,39.591,78.731,18.485,38.491,58.209,55.35,42.097,74.033,25.737,63.305,14.728,60.058,15.14,55.91,20.668,50.138,18.677,50.639,17.891,64.315,32.521,31.55,68.308,20.955,78.388
County,Buena Vista City, Virginia,4129,61.178,18.659,47.958,38.165,37.967,35.017,54.273,7.169,50.626,49.144,64.245,24.211,62.568,23.864,52.924,31.454,49.773,36.646,34.347,52.716,43.041,56.958,82.407,14.6,73.367,23.301,61.343,37.035,63.602,32.914,56.693,40.755,78.919,18.142,43.029,54.152,58.594,38.854,73.031,26.385,60.899,15.608,57.492,16.112,52.984,21.638,48.495,19.291,50.348,18.143,63.853,32.779,27.918,71.921,19.188,79.812
County,Charlottesville City, Virginia,28530,79.848,7.837,65.407,23.537,64.133,20.076,70.915,4.115,70.469,29.323,79.266,12.458,78.201,12.323,70.773,17.883,66.205,23.893,47.16,43.68,60.087,39.913,88.826,8.225,81.253,16.027,79.492,19.83,75.481,21.738,69.984,27.636,84.856,12.88,23.753,74.067,38.192,59.735,86.035,13.966,75.091,9.165,72.713,8.576,71.697,12,64.165,10.916,62.171,11.281,74.467,22.725,44.209,55.631,27.809,71.317
County,Chesapeake City, Virginia,154583,71.017,11.908,53.343,33.191,48.577,28.279,60.139,5.692,57.856,42.017,69.457,17.973,68.361,16.832,59.735,23.496,54.943,30.114,39.626,45.152,49.466,50.534,85.066,12.449,78.86,18.012,68.612,30.069,67.394,28.719,63.444,33.279,82.501,14.707,36.623,61.485,50.454,46.657,78.833,20.629,68.401,12.248,64.321,13.05,62.467,15.912,56.806,14.962,57.633,14.592,68.386,28.637,32.224,67.806,17.997,80.901
County,Colonial Heights City, Virginia,12254,61.893,18.848,49.049,35.287,40.893,34.269,52.751,7.193,50.618,49.187,64.365,24.127,64.374,22.936,54.23,31.096,49.135,37.644,33.466,53.158,42.996,57.003,82.332,15.26,74.645,22.588,63.032,35.881,60.743,35.527,59.228,38.11,78.936,18.584,39.25,57.989,55.503,42.33,72.133,27.293,62.332,14.969,57.884,16.288,55.289,20.794,51.789,18.968,50.982,19.133,63.682,33.364,29.503,70.524,17.905,81.304
County,Covington City, Virginia,3922,61.924,17.267,47.497,39.301,37.443,34.686,55.256,6.912,50.874,48.927,64.054,23.124,62.322,22.468,52.891,30.036,49.435,35.32,34.845,50.404,43.796,56.203,82.476,15.023,74.341,22.258,61.822,36.324,64.714,31.475,58.14,39.412,79.549,17.515,45.03,52.779,58.854,38.6,73.958,25.213,61.104,15.333,57.17,16.065,53.705,20.35,50.144,18.282,52.241,17.263,64.423,32.177,26.41,73.502,17.516,81.273
County,Danville City, Virginia,29166,71.854,9.079,55.248,31.532,47.756,23.03,63.516,4.633,61.683,38.159,72.385,14.121,70.685,13.864,63.137,19.048,59.644,23.852,44.583,38.918,55.395,44.605,84.514,12.711,78.315,18.347,72.117,26.248,71.989,24.114,65.351,31.904,81.869,15.291,32.846,64.659,47.396,49.745,82.356,17.096,67.692,11.412,63.976,11.427,64.293,13.446,60.437,12.181,61.579,12.064,70.783,25.771,31.411,68.495,17.02,81.706
County,Emporia City, Virginia,3699,74.309,6.902,55.658,32.752,49.337,20.694,66.149,4.051,64.215,35.59,73.437,12.212,70.538,11.908,64.553,15.957,62.466,19.826,48.216,33.939,58.823,41.177,85.499,11.465,78.53,17.706,73.618,24.569,75.021,21.328,65.624,31.571,82.355,14.457,33.158,64.108,46.835,49.767,84.862,14.581,68.191,10.582,66.074,10.438,65.381,11.133,61.45,10.608,63.863,10.237,72.193,24.288,30.966,68.864,16.009,82.695
County,Fairfax City, Virginia,16617,78.61,9.212,64.592,24.901,60.883,23.217,69.993,4.507,69.308,30.531,78.396,14.035,77.329,13.646,69.823,19.653,64.813,25.877,46.339,45.338,57.471,42.529,88.455,8.733,80.478,16.658,77.48,21.519,74.339,22.475,69.024,28.799,85.01,12.669,27.801,70.375,41.093,56.849,84.175,15.625,73.423,10.201,70.94,9.603,68.834,13.672,61.556,12.152,60.968,12.308,73.981,23.431,42.991,56.838,27.382,71.505
County,Falls Church City, Virginia,9328,81.384,8.114,67.246,22.118,68.77,20.867,72.517,4.248,71.864,27.983,80.96,12.881,80.348,12.56,72.683,18.901,67,25.677,47.014,47.017,59.92,40.08,89.665,7.692,81.814,15.751,79.925,19.556,74.814,22.401,71.681,26.453,86.261,11.817,23.077,75.412,36.607,62.012,85.731,14.334,76.959,8.912,74.689,8.312,71.801,12.612,64.082,11.277,61.636,11.726,75.427,22.346,49.37,50.522,32.212,67.086
County,Franklin City, Virginia,5766,72.228,8.354,53.901,34.339,46.286,24.077,64.692,4.579,61.604,38.204,71.402,13.766,69.002,13.489,62.027,18.433,59.06,22.858,45.077,36.815,55.571,44.429,84.975,12.52,77.959,18.405,70.991,27.095,72.737,23.353,64.781,32.77,82.5,14.485,36.589,61.39,49.366,47.693,82.794,16.456,67.505,11.435,64.402,11.705,63.741,12.653,60.146,11.939,62.332,11.44,70.976,25.645,29.865,70.059,15.98,82.576
County,Fredericksburg City, Virginia,16486,77.971,8.622,63.195,25.561,60.382,21.751,68.396,4.39,68.092,31.718,77.313,13.336,76.587,12.91,68.64,18.814,63.577,24.968,45.999,43.07,57.867,42.133,87.863,9.427,81.236,16.036,77.948,21.16,74.279,22.545,69.05,28.551,84.522,13.196,26.518,71.647,39.881,58.129,84.557,15.255,73.657,9.728,70.614,9.496,70.03,12.382,63.752,11.349,61.95,11.943,73.245,23.939,40.398,59.529,23.977,74.948
County,Galax City, Virginia,4941,61.18,17.986,50.075,34.15,40.858,31.921,51.658,6.944,51.661,48.094,64.633,22.738,64.609,21.91,54.526,29.853,50.007,36.017,34.246,51.856,43.791,56.208,81.974,15.215,75.158,21.883,65.49,33.366,62.496,34.112,59.09,37.769,77.898,19.465,36.985,59.433,54.092,43.374,73.362,26.2,62.891,14.516,58.693,15.654,55.727,19.473,53.246,18.136,51.301,18.741,63.648,33.015,29.072,70.877,17.275,82.011
County,Hampton City, Virginia,90364,75.493,8.599,58.411,30.23,50.621,23.95,64.371,4.543,63.691,36.164,73.967,13.469,72.377,12.937,64.882,18.403,60.288,24.079,44.995,39.305,55.806,44.194,86.204,11.472,80.424,16.542,74.716,23.819,74.08,22.26,67.813,29.751,83.92,13.482,32.446,65.331,46.659,50.821,83.257,16.153,69.419,10.776,65.192,10.98,65.961,12.6,62.278,11.433,62.721,11.449,71.727,25.113,33.111,66.873,17.236,81.324
County,Harrisonburg City, Virginia,25193,75.31,9.97,62.138,26.588,56.361,23.391,67,4.661,66.775,33.042,76.392,15.22,75.088,15.029,67.343,20.73,63.279,26.151,45.269,44.842,55.959,44.041,87.555,9.42,79.664,17.249,76.284,22.592,73.834,22.995,66.714,30.715,83.365,14.13,29.109,68.706,43.793,53.668,83.158,16.644,70.821,10.782,68.656,10.104,66.294,14.616,60.319,12.487,60.173,12.642,72.662,24.461,39.946,59.859,25.256,73.688
County,Hopewell City, Virginia,14824,69.852,10.653,54.931,31.548,46.173,25.195,59.904,4.974,60.342,39.456,70.588,15.723,69.843,14.962,61.394,20.782,57.471,26.021,42.022,41.237,52.307,47.693,84.215,13.214,78.435,18.447,70.268,28.197,69.938,25.922,64.523,32.643,81.844,15.346,33.209,64.445,48.752,48.449,80.987,18.5,67.745,11.557,63.588,11.911,63.329,13.985,59.416,12.979,59.478,12.983,69.724,26.781,30.395,69.539,15.626,83.223
County,Lexington City, Virginia,2533,78.926,7.953,63.73,26.185,60.22,21.265,71.292,4.176,69.801,29.997,78.723,12.662,76.728,12.886,69.186,18.293,66.053,23.339,48.011,42.583,59.667,40.333,88.715,8.136,80.499,16.416,77.557,21.443,76.383,20.838,67.903,29.806,84.869,12.623,26.905,70.827,41.562,55.943,85.995,13.982,74.223,9.551,72.426,8.649,69.621,12.509,61.597,11.085,62.061,10.711,74.31,22.681,42.384,57.337,27.774,71.259
County,Lynchburg City, Virginia,44000,71.01,11.136,55.843,31.149,50.457,26.148,60.087,5.323,61.134,38.609,72.051,16.833,70.835,16.595,62.645,22.557,58.372,28.482,41.936,45.432,52.695,47.305,85.37,11.675,76.793,20.219,70.038,28.922,67.503,28.862,63.249,34.16,81.8,15.544,32.477,64.942,47.762,49.825,80.192,19.559,67.965,12.058,65.778,12.014,63.334,15.031,57.75,14.036,57.625,13.783,69.195,27.793,35.015,64.897,21.098,78.075
County,Manassas City, Virginia,26230,74.028,9.969,61.082,26.915,53.523,23.657,64.902,4.799,64.981,34.853,74.471,14.428,73.377,13.994,65.858,19.859,61.645,25.379,45.325,41.621,54.764,45.236,85.881,11.245,78.692,18.139,75.053,23.627,72.153,24.125,65.577,31.713,82.974,14.405,31.631,66.289,44.026,53.486,82.454,17.147,70.309,11.162,66.859,11.106,65.616,13.458,59.729,12.623,60.022,13.066,71.57,25.603,36.057,63.816,20.954,77.907
County,Manassas Park City, Virginia,10243,78.653,8.101,64.31,24.733,58.594,20.909,70.061,4.139,70.558,29.171,78.389,12.168,77.053,12.049,70.111,17.051,66.245,21.999,50.528,38.603,59.259,40.741,87.534,9.274,80.995,15.686,77.838,20.902,76.882,20.033,68.199,28.877,84.196,13.028,28.296,69.179,40.37,56.682,85.24,14.489,73.169,10.167,71.063,9.542,70.421,11.839,63.368,11.14,63.439,11.384,73.873,23.311,40.175,59.587,22.443,76.403
County,Martinsville City, Virginia,9458,74.183,8.156,57.885,30.56,52.213,22.083,66.674,4.416,64.196,35.586,74.059,12.902,71.865,12.79,64.484,17.932,61.361,22.631,46.2,37.503,57.299,42.701,86.115,10.953,78.835,17.779,73.88,24.598,74.723,22.099,66.079,31.119,82.63,14.457,31.67,65.707,46.832,50.14,84.166,15.429,69.769,10.661,67.078,10.538,66.706,11.954,61.716,11.417,62.272,11.311,71.596,24.928,33.054,66.792,18.027,80.755
County,Newport News City, Virginia,115809,76.534,8.175,60.725,27.525,54.429,23.224,68.656,4.514,65.331,34.494,75.266,12.867,74.404,12.313,65.33,19.091,61.121,24.243,45.248,40.695,56.294,43.705,85.973,10.434,80.177,16.18,74.856,23.822,72.747,22.85,67.469,29.181,83.483,13.406,31.279,66.214,45.16,50.781,84.233,15.428,71.53,10.546,67.666,10.674,68.448,11.628,64.373,11.442,63.249,11.543,71.819,25.052,33.64,66.323,18.843,79.822
County,Norfolk City, Virginia,150374,75.194,7.61,61.857,26.178,55.973,21.133,66.69,4.252,67.423,32.386,76.969,12.177,75.234,13.073,67.59,17.961,63.264,23.196,47.638,39.363,58.292,41.708,86.662,10.781,80.638,16.572,76.659,22.216,74.646,22.035,67.443,30.122,83.482,14.113,28.283,69.251,41.691,56.27,84.232,14.837,74.013,10.03,70.283,9.933,69.468,12.104,64.19,11.067,63.639,11.258,72.776,24.082,36.825,63.128,19.954,78.875
County,Norton City, Virginia,2800,58.814,20.994,45.284,40.177,35.963,38.34,52.075,7.905,47.918,51.863,62.138,26.501,60.761,25.867,50.965,34.166,47.109,39.754,32.384,54.825,40.592,59.407,81.672,15.684,72.172,24.531,58.364,39.987,59.804,36.553,55.841,41.67,78.024,18.986,46.498,50.913,60.45,37.116,69.957,29.339,59.414,16.748,55.738,17.795,50.553,23.623,47.16,21.018,49.172,19.681,62.333,34.58,27.281,72.63,18.537,80.601
County,Petersburg City, Virginia,22112,76.405,5.421,58.767,28.845,51.008,18.234,66.788,3.652,66.682,33.061,74.338,10.048,72.623,9.961,66.451,13.524,63.654,17.544,49.541,30.193,61.252,38.747,85.499,11.736,80.325,16.329,75.683,22.844,75.474,20.952,67.878,29.109,82.62,14.437,28.442,68.531,42.669,54.152,85.834,13.637,71.074,9.77,67.914,9.991,70.217,9.238,66.604,9.297,66.449,9.651,72.859,23.704,32.253,67.693,13.429,85.29
County,Poquoson City, Virginia,8493,58.565,21.745,46.081,38.141,38.235,39.196,51.913,8.089,48.598,51.178,62.821,28.346,62.352,26.677,51.862,36.065,47.375,42.059,31.219,58.41,39.721,60.279,81.97,15.562,71.507,25.645,57.301,41.577,56.447,39.835,55.898,42.072,78.737,18.699,45.225,52.3,60.732,37.275,68.451,30.996,59.165,17.065,55.814,17.676,49.643,25.703,45.13,22.19,47.206,20.551,62.656,34.788,29.861,70.077,21.66,77.58
County,Portsmouth City, Virginia,63473,73.506,8.072,57.642,30.759,50.674,22.643,65.501,4.363,63.684,36.163,73.826,12.946,72.608,12.44,64.888,17.673,60.664,23.1,45.461,38.06,56.313,43.687,85.664,11.449,79.984,16.886,74.059,24.433,74.172,22.222,67.749,29.709,83.282,14.036,31.744,66.375,45.663,51.708,84.055,15.432,71.035,10.486,66.566,10.767,66.993,12.161,63.43,11.128,63.312,11.201,71.916,24.768,32.121,67.833,16.505,82.14
County,Radford City, Virginia,7481,70.314,12.992,55.973,32.274,49.505,29.025,63.403,5.766,59.583,40.248,71.613,19.218,69.879,18.937,60.951,25.937,56.903,31.756,39.353,50.2,49.905,50.095,85.841,10.867,76.878,19.528,69.776,28.865,69.404,27.298,62.959,34.269,82.334,14.707,36.506,61.415,50.093,46.492,79.073,19.767,67.344,12.471,64.434,12.258,60.436,17.211,54.341,15.284,55.728,14.5,69.173,27.811,35.017,64.822,24.523,74.372
County,Richmond City, Virginia,146548,79.803,6.707,63.343,24.669,62.034,18.517,69.393,3.905,69.405,30.378,77.575,11.463,76.978,11.11,69.673,15.819,65.01,21.394,48.41,37.897,60.389,39.611,87.821,9.526,81.897,15.378,79.124,20.04,75.516,21.532,70.392,27.04,84.118,13.499,24.466,73.418,38.638,59.26,86.26,13.563,75.355,9.043,72.279,9.02,73.048,10.217,66.435,10.024,64.575,10.647,73.81,23.156,40.146,59.83,20.46,78.504
County,Roanoke City, Virginia,69292,74.355,9.903,57.564,28.723,50.951,25.104,65.308,4.976,63.26,36.558,72.708,14.982,71.793,14.194,63.441,20.532,58.607,26.752,42.054,43.162,53.628,46.371,86.698,10.914,79.264,17.594,74.474,24.35,72.042,24.646,67.399,30.173,83.073,14.191,31.126,66.73,43.837,54.318,82.39,17.231,69.567,11.177,66.076,11.262,65.326,14.295,61.414,12.787,60.148,13.211,70.468,26.274,35.428,64.584,19.335,79.544
County,Salem City, Virginia,16975,65.677,16.777,52.515,32.658,46.052,31.941,56.31,6.668,54.34,45.459,67.607,22.095,67.433,21.164,57.198,29.405,51.852,36.303,34.898,53.37,45.482,54.517,84.078,13.31,76.199,21.108,66.944,32.081,63.678,32.889,61.685,35.742,80.409,17.2,35.834,61.564,52.004,45.946,75.118,24.522,65.283,13.611,61.142,14.363,58.431,19.281,53.735,17.455,52.501,17.696,65.687,31.326,32.853,67.14,20.76,78.453
County,Staunton City, Virginia,17331,70.397,13.662,56.094,30.942,48.265,30.138,60.92,5.946,59.08,40.726,70.557,19.11,70.17,18.081,60.046,26.314,54.734,32.704,38.233,49.89,49.103,50.897,85.567,12.085,78.378,18.898,70.859,27.96,68.263,28.396,64.948,32.833,82.577,15.108,34.635,63.46,50.846,47.238,78.637,20.917,68.412,12.253,64.317,12.711,62.673,16.725,57.01,15.344,55.453,15.555,68.299,28.635,34.683,65.323,21.65,77.18
County,Suffolk City, Virginia,57919,70.085,10.171,55.346,32.966,50.431,26.22,62.013,5.213,59.434,40.459,70.08,16.672,69.391,15.4,61.104,21.758,56.632,27.703,40.553,43.441,52.154,47.845,84.903,12.526,78.825,18.238,70.524,27.95,69.325,26.563,64.79,32.385,82.626,14.831,35.243,62.39,49.005,48.871,81.274,18.143,66.753,12.089,61.031,12.605,60.486,14.448,57.409,13.41,58.489,13.237,69.672,27.187,29.636,70.361,17.153,81.616
County,Virginia Beach City, Virginia,301104,69.448,14.276,55.27,32.127,47.577,29.481,59.054,5.854,57.517,42.443,69.27,21.748,68.143,20.657,60.468,26.253,55.818,32.488,39.347,49.216,49.821,50.179,85.671,12.061,76.399,20.572,67.826,30.904,66.673,29.434,62.48,35.439,81.125,15.953,35.838,61.467,49.418,47.896,79.125,20.475,66.991,13.197,61.728,13.329,60.347,19.454,55.889,16.09,56.613,15.962,68.579,28.598,33.932,66.061,21.12,77.81
County,Waynesboro City, Virginia,14720,66.446,14.725,53.232,33.448,44.815,30.845,57.875,6.178,55.95,43.855,68.673,20.017,67.623,19.392,58.063,26.843,53.563,33.094,37.101,49.938,47.152,52.847,84.361,12.968,76.69,20.242,67.566,31.068,67.053,29.473,62.129,35.363,80.69,16.691,37.68,59.922,53.507,44.087,77.178,22.323,65.811,13.361,62.107,13.82,59.757,17.811,54.052,16.254,54.823,16.002,66.9,29.947,30.936,68.987,19.908,79.084
County,Williamsburg City, Virginia,7318,79.489,8.351,64.488,24.672,63.775,21.297,71.664,4.218,69.969,29.854,79.38,12.918,77.714,13.251,70.366,18.784,66.134,24.572,47.313,44.61,59.505,40.496,89.309,7.824,80.889,16.293,77.823,21.372,74.754,22.178,68.903,28.979,85.095,12.64,25.613,72.372,40.838,57.051,85.971,14.072,74.692,9.433,72.715,8.655,70.152,13.091,62.694,11.23,61.97,11.114,74.67,22.688,45.097,54.726,29.669,69.41
County,Winchester City, Virginia,18087,73.04,11.13,60.687,26.097,55.435,23.657,63.663,4.944,64.187,35.633,74.664,15.845,74.061,15.523,65.692,21.774,61.101,27.897,42.725,46.359,54.035,45.965,86.231,10.629,79.268,17.991,75.87,23.382,70.579,26.148,66.281,30.901,82.02,15.656,27.032,70.454,42.922,54.79,81.62,18.286,69.896,10.861,67.256,10.631,65.557,14.654,60.049,13.072,58.249,13.771,70.94,26.081,38.889,60.991,23.81,75.475
